acc_fin,admin_sup,engineering,healthcare,it,mngt_lead,media,rnd,sales_market,geography
Account Coordinator,Administrative Assistant I-IV,Analog Circuit Design Manager,Biostatistician I-IV,Analyst Programmer,Assistant Manager,Editor,Research Assistant I-IV,Sales Associate,Geological Engineer
Account Executive,Administrative Officer,Chemical Engineer,Clinical Specialist,Automation Specialist I-IV,Director of Sales,Media Manager II-IV,Research Associate,Sales Representative,Geologist I-IV
Account Representative I-IV,Executive Secretary,Chief Design Engineer,Dental Hygienist,Computer Systems Analyst I-IV,General Manager,,Staff Scientist,Marketing Assistant,GIS Technical Architect
Accountant I-IV,Human Resources Assistant I-IV,Civil Engineer,Health Coach I-IV,Database Administrator I-IV,VP Marketing,,Statistician I-IV,Marketing Manager,
Accounting Assistant I-IV,Human Resources Manager,Design Engineer,Nurse,GIS Technical Architect,VP Product Management,,,Senior Sales Associate,
Actuary,Librarian,Electrical Engineer,Nurse Practitioner,Help Desk Operator,VP Quality Control,,,,
Budget/Accounting Analyst I-IV,Office Assistant I-IV,Engineer I-IV,Occupational Therapist,Help Desk Technician,VP Sales,,,,
Chief Design Engineer,Paralegal,Geological Engineer,Pharmacist,Information Systems Manager,,,,,
Compensation Analyst,Project Manager,Mechanical Systems Engineer,Physical Therapy Assistant,Programmer Analyst I-IV,,,,,
Cost Accountant,Recruiter,Nuclear Power Engineer,Registered Nurse,Programmer I-IV,,,,,
Financial Advisor,Recruiting Manager,Product Engineer,Research Nurse,Project Manager,,,,,
Financial Analyst,,Quality Engineer,Speech Pathologist,Quality Control Specialist,,,,,
General Manager,,Structural Analysis Engineer,Social Worker,Software Consultant,,,,,
Internal Auditor,,Structural Engineer,Safety Technician I-IV,Software Engineer I-IV,,,,,
Junior Executive,,,,Software Test Engineer I-III,,,,,
Senior Cost Accountant,,,,Systems Administrator II-IV,,,,,
VP Accounting,,,,Technical Writer,,,,,
,,,,Web Designer I-IV,,,,,
,,,,Web Developer I-IV,,,,,
